/*ALUNOS*/
INSERT INTO ALUNOS VALUES(40001, 'JOÃO GABRIEL',    TO_DATE('02/04/1985', 'DD/MM/YYYY'));
INSERT INTO ALUNOS VALUES(40002, 'JOÃO JOSÉ',       TO_DATE('31/12/2001', 'DD/MM/YYYY'));
INSERT INTO ALUNOS VALUES(40003, 'JOSÉ GABRIEL',    TO_DATE('04/07/1999', 'DD/MM/YYYY'));
INSERT INTO ALUNOS VALUES(40004, 'ANTONIO JOSÉ',    TO_DATE('27/09/1998', 'DD/MM/YYYY'));
INSERT INTO ALUNOS VALUES(40005, 'ANTONIO MARCIO',  TO_DATE('20/04/1955', 'DD/MM/YYYY'));
INSERT INTO ALUNOS VALUES(40006, 'MARCIO ANTONIO',  TO_DATE('29/04/1955', 'DD/MM/YYYY'));
INSERT INTO ALUNOS VALUES(40007, 'JOSÉ ANTONIO',    TO_DATE('14/03/1967', 'DD/MM/YYYY'));
INSERT INTO ALUNOS VALUES(40008, 'JOÃO ANTONIO',    TO_DATE('21/02/2002', 'DD/MM/YYYY'));
INSERT INTO ALUNOS VALUES(40009, 'MARCIO GABRIEL',  TO_DATE('08/06/2009', 'DD/MM/YYYY'));
INSERT INTO ALUNOS VALUES(40010, 'GABRIEL ANTONIO', TO_DATE('01/01/1970', 'DD/MM/YYYY'));

/*TELEFONES_ALUNOS*/
INSERT INTO TELEFONES_ALUNOS VALUES('11990897030', 40001);
INSERT INTO TELEFONES_ALUNOS VALUES('27990897031', 40001);
INSERT INTO TELEFONES_ALUNOS VALUES('33990897032', 40002);
INSERT INTO TELEFONES_ALUNOS VALUES('22980897033', 40010);
INSERT INTO TELEFONES_ALUNOS VALUES('27990897034', 40003);
INSERT INTO TELEFONES_ALUNOS VALUES('22990897035', 40006);
INSERT INTO TELEFONES_ALUNOS VALUES('11990897036', 40008);
INSERT INTO TELEFONES_ALUNOS VALUES('14990897037', 40003);
INSERT INTO TELEFONES_ALUNOS VALUES('18990897038', 40004);
INSERT INTO TELEFONES_ALUNOS VALUES('79990897039', 40007);
INSERT INTO TELEFONES_ALUNOS VALUES('83990897040', 40005);
INSERT INTO TELEFONES_ALUNOS VALUES('81990897041', 40009);

/*PROFESSORES*/
INSERT INTO PROFESSORES VALUES(55124, 'CARLOS ANTONIO',  'MESTRADO');
INSERT INTO PROFESSORES VALUES(55125, 'PAULO ANTONIO',   'DOUTORADO');
INSERT INTO PROFESSORES VALUES(55126, 'PATRICIA CARMEN', 'ESPECIALIZAÇÃO');
INSERT INTO PROFESSORES VALUES(55127, 'ALINE SANTOS',    'MESTRADO');
INSERT INTO PROFESSORES VALUES(55128, 'ALICE DE SOUZA',  'MESTRADO');
INSERT INTO PROFESSORES VALUES(55129, 'LUIZ CARLOS',     'DOUTORADO');
INSERT INTO PROFESSORES VALUES(55130, 'LUCAS PEDRO',     'DOUTORADO');
INSERT INTO PROFESSORES VALUES(55131, 'PEDRO HENTIQUE',  'MESTRADO');
INSERT INTO PROFESSORES VALUES(55132, 'MARIA OLGA',      'DOUTORADO');
INSERT INTO PROFESSORES VALUES(55133, 'CAMILA PEREZ',    'ESPECIALIZAÇÃO');

/*DISCIPLINAS*/
INSERT INTO DISCIPLINAS (CODIGO_DISCIPLINA, NOME_DISCIPLINA, CARGA_HORARIA, EMENTA_DISCIPLINA) VALUES(75189, 'DATA MINING'                , 80, 'EMENTA DA DISCIPLINA DATA MINING');
INSERT INTO DISCIPLINAS (CODIGO_DISCIPLINA, NOME_DISCIPLINA, CARGA_HORARIA, EMENTA_DISCIPLINA) VALUES(31313, 'COMPUTER PROGRAMMING'       , 30, 'EMENTA DA DISCIPLINA COMPUTER PROGRAMMING');
INSERT INTO DISCIPLINAS (CODIGO_DISCIPLINA, NOME_DISCIPLINA, CARGA_HORARIA, EMENTA_DISCIPLINA) VALUES(33412, 'MACHINE LEARNING'           , 80, 'EMENTA DA DISCIPLINA MACHINE LEARNING');
INSERT INTO DISCIPLINAS (CODIGO_DISCIPLINA, NOME_DISCIPLINA, CARGA_HORARIA, EMENTA_DISCIPLINA) VALUES(45812, 'DATA ANALYTICS'             , 40, 'EMENTA DA DISCIPLINA DATA ANALYTICS');
INSERT INTO DISCIPLINAS VALUES(12345, 'NATURAL LANGUAGE PROCESSING', 80, 'EMENTA DA DISCIPLINA NATURAL LANGUAGE PROCESSING', 33412);
INSERT INTO DISCIPLINAS VALUES(48851, 'DATA SCIENCE'               , 80, 'EMENTA DA DISCIPLINA DATA SCIENCE'               , 75189);
INSERT INTO DISCIPLINAS VALUES(55213, 'COMPUTATER VISION'          , 80, 'EMENTA DA DISCIPLINA COMPUTATER VISION'          , 33412);
INSERT INTO DISCIPLINAS VALUES(18493, 'ROBOTIC'                    , 60, 'EMENTA DA DISCIPLINA ROBOTIC'                    , 31313);
INSERT INTO DISCIPLINAS VALUES(13131, 'DATABASE'                   , 60, 'EMENTA DA DISCIPLINA DATABASE'                   , 31313);
INSERT INTO DISCIPLINAS VALUES(85853, 'BIG DATA'                   , 75, 'EMENTA DA DISCIPLINA BIG DATA'                   , 75189);

/*OFERTAS*/
INSERT INTO OFERTAS (CODIGO_OFERTA,HORARIO_INICIAL,HORARIO_FINAL,DIA_SEMANA,MATRICULA_PROFESSOR,CODIGO_DISCIPLINA) 
                     VALUES(1418, TO_DATE('18:45', 'HH24:MI'), TO_DATE('22:00', 'HH24:MI'), 'SEGUNDA', 55125, 33412);
INSERT INTO OFERTAS (CODIGO_OFERTA,HORARIO_INICIAL,HORARIO_FINAL,DIA_SEMANA,MATRICULA_PROFESSOR,CODIGO_DISCIPLINA) 
                     VALUES(1519, TO_DATE('20:30', 'HH24:MI'), TO_DATE('22:00', 'HH24:MI'), 'SEGUNDA', 55131, 12345);
INSERT INTO OFERTAS (CODIGO_OFERTA,HORARIO_INICIAL,HORARIO_FINAL,DIA_SEMANA,MATRICULA_PROFESSOR,CODIGO_DISCIPLINA) 
                     VALUES(1742, TO_DATE('18:45', 'HH24:MI'), TO_DATE('20:15', 'HH24:MI'), 'TERÇA',   55125, 48851);
INSERT INTO OFERTAS (CODIGO_OFERTA,HORARIO_INICIAL,HORARIO_FINAL,DIA_SEMANA,MATRICULA_PROFESSOR,CODIGO_DISCIPLINA) 
                     VALUES(1112, TO_DATE('19:00', 'HH24:MI'), TO_DATE('23:00', 'HH24:MI'), 'QUARTA',  55126, 55213);
INSERT INTO OFERTAS (CODIGO_OFERTA,HORARIO_INICIAL,HORARIO_FINAL,DIA_SEMANA,MATRICULA_PROFESSOR,CODIGO_DISCIPLINA) 
                     VALUES(1313, TO_DATE('17:00', 'HH24:MI'), TO_DATE('21:00', 'HH24:MI'), 'QUARTA',  55130, 13131);
INSERT INTO OFERTAS (CODIGO_OFERTA,HORARIO_INICIAL,HORARIO_FINAL,DIA_SEMANA,MATRICULA_PROFESSOR,CODIGO_DISCIPLINA) 
                     VALUES(1632, TO_DATE('18:30', 'HH24:MI'), TO_DATE('20:00', 'HH24:MI'), 'SEXTA',   55125, 12345);
INSERT INTO OFERTAS (CODIGO_OFERTA,HORARIO_INICIAL,HORARIO_FINAL,DIA_SEMANA,MATRICULA_PROFESSOR,CODIGO_DISCIPLINA) 
                     VALUES(1674, TO_DATE('19:30', 'HH24:MI'), TO_DATE('21:30', 'HH24:MI'), 'QUINTA',  55133, 55213);

/*ALUNOS_OFERTAS*/
INSERT INTO ALUNOS_OFERTAS VALUES(40001, 1418, 40, '2022/2', TO_DATE('01/07/2022', 'DD/MM/YYYY'), TO_DATE('16/12/2022', 'DD/MM/YYYY'));
INSERT INTO ALUNOS_OFERTAS VALUES(40001, 1519, 20, '2022/2', TO_DATE('01/07/2022', 'DD/MM/YYYY'), TO_DATE('16/12/2022', 'DD/MM/YYYY'));
INSERT INTO ALUNOS_OFERTAS VALUES(40001, 1313, 35, '2022/2', TO_DATE('01/07/2022', 'DD/MM/YYYY'), TO_DATE('16/12/2022', 'DD/MM/YYYY'));
INSERT INTO ALUNOS_OFERTAS VALUES(40002, 1418, 40, '2022/2', TO_DATE('01/07/2022', 'DD/MM/YYYY'), TO_DATE('16/12/2022', 'DD/MM/YYYY'));
INSERT INTO ALUNOS_OFERTAS VALUES(40002, 1632, 20, '2022/2', TO_DATE('01/07/2022', 'DD/MM/YYYY'), TO_DATE('16/12/2022', 'DD/MM/YYYY'));
INSERT INTO ALUNOS_OFERTAS VALUES(40003, 1418, 40, '2022/2', TO_DATE('01/07/2022', 'DD/MM/YYYY'), TO_DATE('16/12/2022', 'DD/MM/YYYY'));
INSERT INTO ALUNOS_OFERTAS VALUES(40003, 1519, 20, '2022/2', TO_DATE('01/07/2022', 'DD/MM/YYYY'), TO_DATE('16/12/2022', 'DD/MM/YYYY'));
INSERT INTO ALUNOS_OFERTAS VALUES(40004, 1418, 40, '2022/2', TO_DATE('01/07/2022', 'DD/MM/YYYY'), TO_DATE('16/12/2022', 'DD/MM/YYYY'));
INSERT INTO ALUNOS_OFERTAS VALUES(40004, 1313, 20, '2022/2', TO_DATE('01/07/2022', 'DD/MM/YYYY'), TO_DATE('16/12/2022', 'DD/MM/YYYY'));
INSERT INTO ALUNOS_OFERTAS VALUES(40005, 1418, 40, '2022/2', TO_DATE('01/07/2022', 'DD/MM/YYYY'), TO_DATE('16/12/2022', 'DD/MM/YYYY'));
INSERT INTO ALUNOS_OFERTAS VALUES(40006, 1418, 40, '2022/2', TO_DATE('01/07/2022', 'DD/MM/YYYY'), TO_DATE('16/12/2022', 'DD/MM/YYYY'));
INSERT INTO ALUNOS_OFERTAS VALUES(40006, 1674, 20, '2022/2', TO_DATE('01/07/2022', 'DD/MM/YYYY'), TO_DATE('16/12/2022', 'DD/MM/YYYY'));
INSERT INTO ALUNOS_OFERTAS VALUES(40006, 1519, 35, '2022/2', TO_DATE('01/07/2022', 'DD/MM/YYYY'), TO_DATE('16/12/2022', 'DD/MM/YYYY'));
INSERT INTO ALUNOS_OFERTAS VALUES(40007, 1674, 40, '2022/2', TO_DATE('01/07/2022', 'DD/MM/YYYY'), TO_DATE('16/12/2022', 'DD/MM/YYYY'));
INSERT INTO ALUNOS_OFERTAS VALUES(40007, 1313, 20, '2022/2', TO_DATE('01/07/2022', 'DD/MM/YYYY'), TO_DATE('16/12/2022', 'DD/MM/YYYY'));
INSERT INTO ALUNOS_OFERTAS VALUES(40008, 1313, 40, '2022/2', TO_DATE('01/07/2022', 'DD/MM/YYYY'), TO_DATE('16/12/2022', 'DD/MM/YYYY'));
INSERT INTO ALUNOS_OFERTAS VALUES(40008, 1519, 20, '2022/2', TO_DATE('01/07/2022', 'DD/MM/YYYY'), TO_DATE('16/12/2022', 'DD/MM/YYYY'));
INSERT INTO ALUNOS_OFERTAS VALUES(40009, 1674, 40, '2022/2', TO_DATE('01/07/2022', 'DD/MM/YYYY'), TO_DATE('16/12/2022', 'DD/MM/YYYY'));
INSERT INTO ALUNOS_OFERTAS VALUES(40010, 1418, 40, '2022/2', TO_DATE('01/07/2022', 'DD/MM/YYYY'), TO_DATE('16/12/2022', 'DD/MM/YYYY'));

COMMIT;